Workbook
Name Slicer_พัสดุทั้งหมด: #N/A

Sheet yes
A1: Tracking Number | B1: ชื่อผู้ส่ง | C1: ชื่อผู้รับ | D1: สถานะปัจจุบัน | E1: Latitude | F1: Longitude | G1: Timestamp | H1: ความเร็ว (km/h) | I1: Lat_ปลายทาง | J1: Lon_ปลายทาง | K1: ระยะทางเหลือ (km) | L1: ระยะเวลาที่ใช้ | M1: เวลาที่คาดว่าจะถึง
A2: TH9963334018 | B2: บริษัท สยามโลจิสติกส์ จำกัด | C2: คุณศศิธร แสงทอง | D2: ถึงแล้ว | E2: 8.354402 | F2: 99.927105 | G2: =NOW() - (RANDBETWEEN(0, 1) + RAND()) -> 46048.009 | H2: 54 | I2: 13.8621 | J2: 100.5144 | K2: =6371 * 2 * ASIN(SQRT(SIN(RADIANS($I2-$E2)/2)^2 + COS(RADIANS($E2)) * COS(RADIANS($I2)) * SIN(RADIANS($J2-$F2)/2)^2)) -> 615.76859 | L2: =IF(H2>0, K2/H2, 0) -> 11.403122 | M2: =NOW() + (L2/24) -> 46049.116
A3: TH2801823908 | B3: หจก. นครใต้ขนส่ง | C3: คุณธนกฤต สุขใจ | D3: กำลังขนส่ง | E3: 16.366668 | F3: 102.78998 | G3: =NOW() - (RANDBETWEEN(0, 1) + RAND()) -> 46048.572 | H3: 46.5 | I3: 13.7563 | J3: 100.5018 | K3: =6371 * 2 * ASIN(SQRT(SIN(RADIANS($I3-$E3)/2)^2 + COS(RADIANS($E3)) * COS(RADIANS($I3)) * SIN(RADIANS($J3-$F3)/2)^2)) -> 380.26683 | L3: =IF(H3>0, K3/H3, 0) -> 8.1777814 | M3: =NOW() + (L3/24) -> 46048.982
A4: TH6756332150 | B4: บริษัท บลูโอเชี่ยนเทรดดิ้ง จำกัด | C4: คุณณิชารีย์ พงษ์ศรี | D4: ถึงแล้ว | E4: 14.944411 | F4: 102.15679 | G4: =NOW() - (RANDBETWEEN(0, 1) + RAND()) -> 46046.831 | H4: 7 | I4: 7.1898 | J4: 100.5951 | K4: =6371 * 2 * ASIN(SQRT(SIN(RADIANS($I4-$E4)/2)^2 + COS(RADIANS($E4)) * COS(RADIANS($I4)) * SIN(RADIANS($J4-$F4)/2)^2)) -> 878.92531 | L4: =IF(H4>0, K4/H4, 0) -> 125.56076 | M4: =NOW() + (L4/24) -> 46053.873
A5: TH9776552803 | B5: บริษัท ไทยกรีนมาร์ท จำกัด | C5: คุณปริญญา วัฒนะ | D5: กำลังขนส่ง | E5: 14.093954 | F5: 100.49886 | G5: =NOW() - (RANDBETWEEN(0, 1) + RAND()) -> 46046.775 | H5: 33.3 | I5: 13.3611 | J5: 100.9847 | K5: =6371 * 2 * ASIN(SQRT(SIN(RADIANS($I5-$E5)/2)^2 + COS(RADIANS($E5)) * COS(RADIANS($I5)) * SIN(RADIANS($J5-$F5)/2)^2)) -> 96.926273 | L5: =IF(H5>0, K5/H5, 0) -> 2.9106989 | M5: =NOW() + (L5/24) -> 46048.762
A6: TH8995970241 | B6: ร้านมินิมาร์ทป้าแอ๋ว | C6: คุณกานต์พิชชา รัตนกุล | D6: กำลังขนส่ง | E6: 14.919872 | F6: 102.16527 | G6: =NOW() - (RANDBETWEEN(0, 1) + RAND()) -> 46046.861 | H6: 63.9 | I6: 7.8804 | J6: 98.3923 | K6: =6371 * 2 * ASIN(SQRT(SIN(RADIANS($I6-$E6)/2)^2 + COS(RADIANS($E6)) * COS(RADIANS($I6)) * SIN(RADIANS($J6-$F6)/2)^2)) -> 884.07851 | L6: =IF(H6>0, K6/H6, 0) -> 13.835345 | M6: =NOW() + (L6/24) -> 46049.218
A7: TH4721519026 | B7: คุณกิตติพงศ์ พรหมศรี | C7: คุณภัทรพล อินทร์แก้ว | D7: กำลังขนส่ง | E7: 7.222531 | F7: 100.52243 | G7: =NOW() - (RANDBETWEEN(0, 1) + RAND()) -> 46048.364 | H7: 74 | I7: 13.3611 | J7: 100.9847 | K7: =6371 * 2 * ASIN(SQRT(SIN(RADIANS($I7-$E7)/2)^2 + COS(RADIANS($E7)) * COS(RADIANS($I7)) * SIN(RADIANS($J7-$F7)/2)^2)) -> 684.44684 | L7: =IF(H7>0, K7/H7, 0) -> 9.2492817 | M7: =NOW() + (L7/24) -> 46049.026
A8: TH3783290795 | B8: คุณสุพัตรา วัฒนชัย | C8: คุณจิราพร สุวรรณศรี | D8: ถึงแล้ว | E8: 16.434446 | F8: 102.88846 | G8: =NOW() - (RANDBETWEEN(0, 1) + RAND()) -> 46047.965 | H8: 23.6 | I8: 12.6833 | J8: 101.2789 | K8: =6371 * 2 * ASIN(SQRT(SIN(RADIANS($I8-$E8)/2)^2 + COS(RADIANS($E8)) * COS(RADIANS($I8)) * SIN(RADIANS($J8-$F8)/2)^2)) -> 451.63511 | L8: =IF(H8>0, K8/H8, 0) -> 19.137081 | M8: =NOW() + (L8/24) -> 46049.438
A9: TH1240251661 | B9: คุณณัฐวุฒิ ชาญกิจ | C9: คุณสิรินดา ชัยมงคล | D9: กำลังขนส่ง | E9: 7.137182 | F9: 100.63176 | G9: =NOW() - (RANDBETWEEN(0, 1) + RAND()) -> 46047.835 | H9: 27.5 | I9: 8.4304 | J9: 99.9631 | K9: =6371 * 2 * ASIN(SQRT(SIN(RADIANS($I9-$E9)/2)^2 + COS(RADIANS($E9)) * COS(RADIANS($I9)) * SIN(RADIANS($J9-$F9)/2)^2)) -> 161.56964 | L9: =IF(H9>0, K9/H9, 0) -> 5.8752595 | M9: =NOW() + (L9/24) -> 46048.886
A10: TH8110054933 | B10: คุณพิมพ์ชนก ศรีสุข | C10: คุณวรินทร ศรีสมบัติ | D10: กำลังขนส่ง | E10: 17.462607 | F10: 102.77119 | G10: =NOW() - (RANDBETWEEN(0, 1) + RAND()) -> 46047.673 | H10: 67 | I10: 13.7563 | J10: 100.5018 | K10: =6371 * 2 * ASIN(SQRT(SIN(RADIANS($I10-$E10)/2)^2 + COS(RADIANS($E10)) * COS(RADIANS($I10)) * SIN(RADIANS($J10-$F10)/2)^2)) -> 478.42045 | L10: =IF(H10>0, K10/H10, 0) -> 7.1406038 | M10: =NOW() + (L10/24) -> 46048.939
A11: TH7801222128 | B11: คุณอรทัย มณีรัตน์ | C11: คุณธัญญารัตน์ นิ่มนวล | D11: ถึงแล้ว | E11: 16.508228 | F11: 102.82842 | G11: =NOW() - (RANDBETWEEN(0, 1) + RAND()) -> 46046.781 | H11: 58.4 | I11: 13.5283 | J11: 99.8134 | K11: =6371 * 2 * ASIN(SQRT(SIN(RADIANS($I11-$E11)/2)^2 + COS(RADIANS($E11)) * COS(RADIANS($I11)) * SIN(RADIANS($J11-$F11)/2)^2)) -> 463.26335 | L11: =IF(H11>0, K11/H11, 0) -> 7.9325916 | M11: =NOW() + (L11/24) -> 46048.972
A12: TH8217611860 | B12: บริษัท โกลเด้นแพ็ค จำกัด | C12: ร้านอิ่มอร่อยเดลิเวอรี่ | D12: กำลังขนส่ง | E12: 18.867872 | F12: 98.927433 | G12: =NOW() - (RANDBETWEEN(0, 1) + RAND()) -> 46046.871 | H12: 66 | I12: 13.3611 | J12: 100.9847 | K12: =6371 * 2 * ASIN(SQRT(SIN(RADIANS($I12-$E12)/2)^2 + COS(RADIANS($E12)) * COS(RADIANS($I12)) * SIN(RADIANS($J12-$F12)/2)^2)) -> 650.53346 | L12: =IF(H12>0, K12/H12, 0) -> 9.8565676 | M12: =NOW() + (L12/24) -> 46049.052
A13: TH9639245200 | B13: บริษัท แฟลชฟอร์เวิร์ด เอ็กซ์เพรส จำกัด | C13: บริษัท พรีเมียมออโต้พาร์ท จำกัด | D13: ถึงแล้ว | E13: 7.171363 | F13: 100.61044 | G13: =NOW() - (RANDBETWEEN(0, 1) + RAND()) -> 46048.518 | H13: 73.1 | I13: 13.8621 | J13: 100.5144 | K13: =6371 * 2 * ASIN(SQRT(SIN(RADIANS($I13-$E13)/2)^2 + COS(RADIANS($E13)) * COS(RADIANS($I13)) * SIN(RADIANS($J13-$F13)/2)^2)) -> 744.05001 | L13: =IF(H13>0, K13/H13, 0) -> 10.178523 | M13: =NOW() + (L13/24) -> 46049.065
... A19: TH9592390865 | B19: ร้านบ้านขนมหวาน | C19: บริษัท สตาร์ชิปปิ้ง เซอร์วิส จำกัด | D19: ถึงแล้ว | E19: 14.15532 | F19: 102.92841 | G19: =NOW() - (RANDBETWEEN(0, 1) + RAND()) -> 46046.853 | H19: 76 | I19: 15.13 | J19: 101.54 | K19: =6371 * 2 * ASIN(SQRT(SIN(RADIANS($I19-$E19)/2)^2 + COS(RADIANS($E19)) * COS(RADIANS($I19)) * SIN(RADIANS($J19-$F19)/2)^2)) -> 184.54492 | L19: =IF(H19>0, K19/H19, 0) -> 2.4282226 | M19: =NOW() + (L19/24) -> 46048.742

Sheet update (2)
A1: Tracking Number | B1: ชื่อผู้ส่ง | C1: ชื่อผู้รับ | D1: สถานะปัจจุบัน | E1: Latitude | F1: Longitude | G1: Timestamp | H1: ความเร็ว (km/h) | I1: Lat_ปลายทาง | J1: Lon_ปลายทาง | K1: ระยะทางเหลือ (km) | L1: ระยะเวลาที่ใช้ | M1: เวลาที่คาดว่าจะถึง
A2: TH9963334018 | B2: บริษัท สยามโลจิสติกส์ จำกัด | C2: คุณศศิธร แสงทอง | D2: ถึงแล้ว | E2: 8.354402 | F2: 99.927105 | G2: 26/1/2026 12:52 | H2: 54 | I2: 13.8621 | J2: 100.5144 | K2: 615.76859 | L2: 11.4 | M2: 0.10555556
A3: TH2801823908 | B3: หจก. นครใต้ขนส่ง | C3: คุณธนกฤต สุขใจ | D3: กำลังขนส่ง | E3: 16.366668 | F3: 102.78998 | G3: 25/1/2026 6:44 | H3: 46.5 | I3: 13.7563 | J3: 100.5018 | K3: 380.26683 | L3: 8.2 | M3: 0.97152778
A4: TH6756332150 | B4: บริษัท บลูโอเชี่ยนเทรดดิ้ง จำกัด | C4: คุณณิชารีย์ พงษ์ศรี | D4: ถึงแล้ว | E4: 14.944411 | F4: 102.15679 | G4: 25/1/2026 3:32 | H4: 7 | I4: 7.1898 | J4: 100.5951 | K4: 878.92531 | L4: 125.6 | M4: 0.8625
A5: TH9776552803 | B5: บริษัท ไทยกรีนมาร์ท จำกัด | C5: คุณปริญญา วัฒนะ | D5: กำลังขนส่ง | E5: 14.093954 | F5: 100.49886 | G5: 24/1/2026 18:47 | H5: 33.3 | I5: 13.3611 | J5: 100.9847 | K5: 96.926273 | L5: 2.9 | M5: 0.75208333
A6: TH8995970241 | B6: ร้านมินิมาร์ทป้าแอ๋ว | C6: คุณกานต์พิชชา รัตนกุล | D6: กำลังขนส่ง | E6: 14.919872 | F6: 102.16527 | G6: 26/1/2026 11:33 | H6: 63.9 | I6: 7.8804 | J6: 98.3923 | K6: 884.07851 | L6: 13.8 | M6: 0.20694444
A7: TH4721519026 | B7: คุณกิตติพงศ์ พรหมศรี | C7: คุณภัทรพล อินทร์แก้ว | D7: กำลังขนส่ง | E7: 7.222531 | F7: 100.52243 | G7: 26/1/2026 4:10 | H7: 74 | I7: 13.3611 | J7: 100.9847 | K7: 684.44684 | L7: 9.2 | M7: 0.015972222
A8: TH3783290795 | B8: คุณสุพัตรา วัฒนชัย | C8: คุณจิราพร สุวรรณศรี | D8: ถึงแล้ว | E8: 16.434446 | F8: 102.88846 | G8: 25/1/2026 6:01 | H8: 23.6 | I8: 12.6833 | J8: 101.2789 | K8: 451.63511 | L8: 19.1 | M8: 0.42847222
A9: TH1240251661 | B9: คุณณัฐวุฒิ ชาญกิจ | C9: คุณสิรินดา ชัยมงคล | D9: กำลังขนส่ง | E9: 7.137182 | F9: 100.63176 | G9: 25/1/2026 0:33 | H9: 27.5 | I9: 8.4304 | J9: 99.9631 | K9: 161.56964 | L9: 5.9 | M9: 0.87569444
A10: TH8110054933 | B10: คุณพิมพ์ชนก ศรีสุข | C10: คุณวรินทร ศรีสมบัติ | D10: กำลังขนส่ง | E10: 17.462607 | F10: 102.77119 | G10: 25/1/2026 10:10 | H10: 67 | I10: 13.7563 | J10: 100.5018 | K10: 478.42045 | L10: 7.1 | M10: 0.92847222
A11: TH7801222128 | B11: คุณอรทัย มณีรัตน์ | C11: คุณธัญญารัตน์ นิ่มนวล | D11: ถึงแล้ว | E11: 16.508228 | F11: 102.82842 | G11: 25/1/2026 7:35 | H11: 58.4 | I11: 13.5283 | J11: 99.8134 | K11: 463.26335 | L11: 7.9 | M11: 0.96111111
A12: TH8217611860 | B12: บริษัท โกลเด้นแพ็ค จำกัด | C12: ร้านอิ่มอร่อยเดลิเวอรี่ | D12: กำลังขนส่ง | E12: 18.867872 | F12: 98.927433 | G12: 25/1/2026 17:24 | H12: 66 | I12: 13.3611 | J12: 100.9847 | K12: 650.53346 | L12: 9.9 | M12: 0.041666667
A13: TH9639245200 | B13: บริษัท แฟลชฟอร์เวิร์ด เอ็กซ์เพรส จำกัด | C13: บริษัท พรีเมียมออโต้พาร์ท จำกัด | D13: ถึงแล้ว | E13: 7.171363 | F13: 100.61044 | G13: 25/1/2026 1:35 | H13: 73.1 | I13: 13.8621 | J13: 100.5144 | K13: 744.05001 | L13: 10.2 | M13: 0.054861111
... A17: TH9592390865 | B17: ร้านบ้านขนมหวาน | C17: บริษัท สตาร์ชิปปิ้ง เซอร์วิส จำกัด | D17: ถึงแล้ว | E17: 14.15532 | F17: 102.92841 | G17: 24/1/2026 18:48 | H17: 76 | I17: 15.13 | J17: 101.54 | K17: 184.54492 | L17: 2.4 | M17: 0.73194444

Sheet จำลอง Real-time Update 
A1: Tracking Number | B1: ผู้ส่ง | C1: ผู้รับ | D1: สถานะปัจจุบัน | E1: Latitude | F1: Longitude | G1: Timestamp | H1: ความเร็ว (km/h) | I1: Lat_ปลายทาง | J1: Lon_ปลายทาง | K1: ระยะทางเหลือ (km) | L1: ระยะเวลาที่ใช้ | M1: เวลาที่คาดว่าจะถึง
A2: TH-5004 | B2: Global Shipping | C2: สมชาย ใจดี | D2: ล่าช้า | E2: 14.454896 | F2: 102.39676 | G2: 46046.623 | H2: 84 | I2: 11 | J2: 101.11 | K2: 408.72475 | L2: 4.8657708 | M2: 46048.744
A3: TH-7075 | B3: คลังสินค้ากลาง | C3: อำนาจ มีสุข | D3: ถึงแล้ว | E3: 14.418932 | F3: 101.43699 | G3: 46048.48 | H3: 84 | I3: 14.52 | J3: 101.11 | K3: 36.956277 | L3: 0.43995568 | M3: 46048.559
A4: TH-9894 | B4: คลังสินค้ากลาง | C4: วิภา ร่ำรวย | D4: กำลังขนส่ง | E4: 14.72127 | F4: 101.46285 | G4: 46048.485 | H4: 69 | I4: 14.41 | J4: 101.28 | K4: 39.814933 | L4: 0.57702802 | M4: 46048.565
A5: TH-8429 | B5: Global Shipping | C5: สมชาย ใจดี | D5: กำลังขนส่ง | E5: 14.390125 | F5: 101.40158 | G5: 46046.584 | H5: 64 | I5: 15.32 | J5: 101.54 | K5: 104.46215 | L5: 1.6322211 | M5: 46048.609
A6: TH-4785 | B6: Global Shipping | C6: สมชาย ใจดี | D6: กำลังขนส่ง | E6: 15.561586 | F6: 101.03901 | G6: 46048.294 | H6: 61 | I6: 14.21 | J6: 101.9 | K6: 176.48593 | L6: 2.893212 | M6: 46048.661
A7: TH-8369 | B7: Global Shipping | C7: สมชาย ใจดี | D7: กำลังขนส่ง | E7: 15.017603 | F7: 100.03624 | G7: 46047.749 | H7: 46 | I7: 13.9 | J7: 100.6 | K7: 138.30441 | L7: 3.0066177 | M7: 46048.666
A8: TH-7281 | B8: คลังสินค้ากลาง | C8: วิภา ร่ำรวย | D8: กำลังขนส่ง | E8: 14.023623 | F8: 102.41096 | G8: 46047.413 | H8: 72 | I8: 14.33 | J8: 100.67 | K8: 190.7564 | L8: 2.6493944 | M8: 46048.651
A9: TH-2882 | B9: บจก. เอ็กซ์เพรส | C9: วิภา ร่ำรวย | D9: กำลังขนส่ง | E9: 15.658277 | F9: 100.29342 | G9: 46046.986 | H9: 57 | I9: 15.1 | J9: 101.77 | K9: 170.04455 | L9: 2.9832377 | M9: 46048.665
A10: TH-4096 | B10: บจก. เอ็กซ์เพรส | C10: วิภา ร่ำรวย | D10: กำลังขนส่ง | E10: 15.977731 | F10: 101.02815 | G10: 46046.557 | H10: 78 | I10: 15.28 | J10: 100.34 | K10: 107.00206 | L10: 1.3718213 | M10: 46048.598
A11: TH-7393 | B11: คลังสินค้ากลาง | C11: สมชาย ใจดี | D11: กำลังขนส่ง | E11: 15.040622 | F11: 101.67698 | G11: 46048.355 | H11: 77 | I11: 14.48 | J11: 101.52 | K11: 64.583195 | L11: 0.83874279 | M11: 46048.576
A12: TH-4865 | B12: คลังสินค้ากลาง | C12: อำนาจ มีสุข | D12: ล่าช้า | E12: 13.259978 | F12: 101.62608 | G12: 46047.552 | H12: 40 | I12: 14.61 | J12: 100.68 | K12: 181.54653 | L12: 4.5386632 | M12: 46048.73
A13: TH-9002 | B13: Global Shipping | C13: สมชาย ใจดี | D13: กำลังขนส่ง | E13: 13.615582 | F13: 101.84937 | G13: 46046.926 | H13: 59 | I13: 13.99 | J13: 100.85 | K13: 115.66797 | L13: 1.9604741 | M13: 46048.623
... A40: TH-1965 | B40: บจก. เอ็กซ์เพรส | C40: สมชาย ใจดี | D40: กำลังขนส่ง | E40: 13.055876 | F40: 101.50522 | G40: 46048.197 | H40: 82 | I40: 13.92 | J40: 100.99 | K40: 111.06802 | L40: 1.354488 | M40: 46048.597

Sheet Dashboard
A1: ตัวชี้วัด | B1: จำนวน
A2: ทั้งหมด | B2: 15 | G2: Dashboard
A3: กำลังขนส่ง | B3: 14
A4: ถึงแล้ว | B4: 1
A5: รอรับเข้าระบบ | B5: 0
A6: ตีกลับ/มีปัญหา | B6: 0

Sheet สถานะพัสดุ
B2: สถานะพัสดุ | E2: Row Labels
B3: พัสดุทั้งหมด | C3: =COUNTA(yes!A2:A40)-1 -> 17 | E3: พัสดุที่กำลังขนส่ง
B4: พัสดุที่ส่งสำเร็จ | C4: =COUNTIF(yes!D2:D40, "ถึงแล้ว") -> 9 | E4: พัสดุที่โดน Disruption (ล่าช้า)
B5: พัสดุที่กำลังขนส่ง | C5: =COUNTIF(yes!D2:D40, "กำลังขนส่ง") -> 9 | E5: พัสดุที่ส่งสำเร็จ
B6: พัสดุที่โดน Disruption (ล่าช้า) | C6: =COUNTIF(yes!D2:D40, "ล่าช้า") -> 0 | E6: Grand Total

Sheet Top 5
A2: ตาราง Top 5 พัสดุอัปเดตล่าสุด
B4: Tracking Number | C4: ผู้รับ | D4: สถานะปัจจุบัน | E4: Timestamp | F4: เวลาที่คาดว่าจะถึง
B5: {=_xlfn.CHOOSECOLS(_xlfn.TAKE(_xlfn._xlws.SORT(_xlfn._xlws.FILTER(yes!A4:M50, yes!A4:A50<>""), 7, -1), 5), 1, 3, 4, 7, 13)} -> #NAME?

Sheet Map
A2: Map
